{"cameraMode":{"drawMode":0,"name":"Shaded","section":"Shading Mode"},"sceneLighting":false,"audioPlay":false,"sceneViewState":{"m_AlwaysRefresh":false,"showFog":false,"showSkybox":false,"showFlares":false,"showImageEffects":false,"showParticleSystems":false,"showVisualEffectGraphs":true,"m_FxEnabled":true},"in2DMode":false,"pivot":{"x":0.044283151626586917,"y":0.7694082260131836,"z":0.03718900680541992},"rotation":{"x":-0.09890057891607285,"y":0.4016760587692261,"z":-0.043642520904541019,"w":-0.9094179272651672},"size":1.4045345783233643,"orthographic":false}